﻿,리뷰어,리뷰 날짜,리뷰 텍스트
0,0_** ,22.03.14,"고고싱 옷은 늘 가격대비 퀄리티가 좋다고 생각합니다, 자켓도 생각보다 퀄리티있었습니다 다만 옷 상태가 그래도 돈주고 산건데..먼지 투성이에 새상품 아닌 중고장에서 주워온것같은 상태로 배송이 와서 쇼핑한 기분은 안났습니다, 배송 과정에서 옷이 구겨진 정도가 아니라 재고관리 상태가 너무도 나빠서 불편했습니다..처음으로 쇼핑하고 실망했네요"
1,le** ,23.11.03,키가 작다보니 큰 자켓은 싫어서 고민을 많이 했어요. 이 제품은 제가 본 자켓중에서도 작은 편인데 가격까지 너무 착해서 믿어도 되나 싶었어요. 입어봤는데 전체적으로 작아서(특히 팔) 안에 두꺼운 옷은 못 입겠더라구요. 그래도 저는 대만족이에요! 핏 괜찮은 검정색 자켓 가져서 좋습니다. 다만 어깨패드는 빼야할 것 같네요ㅠㅠ
2,jj** ,23.09.13,"허리라인이 있는지 몰랐는데 살짝 허리라인이 있어서 오버핏, 캐쥬얼보다 약간 정장같은 느낌이 있어요. 그래서 쫌 아쉽기는한데 그래도 가격대비 만족해요^^"
3,br** ,22.05.16,"요즘 자켓이 사고싶어져서 여기저기 찾아봤는데 , 체구가 작다보니 입으면 죄다 아빠양복 자켓 크기라 고민하고 있었는데 역시 고고싱 👍🏻 평소에 이 사이트가 저랑 맞는게 많아 자주 시키는데 , 이번에도 배송도 하루만에 오고 !! 그리고 제 체구에 맞는옷이 진짜 잘 없는데 여기 xs사이즈는 저랑 총장이 딱 맞더라구요 .. !! 두께도 그렇게 많이 안두껍고 ㅎㅎ 그래서 진짜 여러가지로 넘 좋았다는 :) 그런데 팔길이는 조금 길어서 수선하고 , 어깨뽕도 계속 입다보면 조금 부담스러울거같아서 제거를 했는데 , 제거 하고 입는게 훨 낫네요 ㅋㅋ 입으실분들 , 제거하고 입으시는거 추천합니당 !!  ( 길이랑 이런건 사진 참고하시면 될것같아요 . 그런데 옷 가격이 19000원인데 수선비가 15000원 든건 안비밀 .. ) 
아 그리고 단점은 .. 그 팔을 안올렸을땐 괜찮은데 , 올렸을땐 가오리 마냥 삼각형 되는거랑 .. 다른분 후기에도 많이 있던데 뒤에 펭귄꼬리 처럼 되는 .. 그런 삼각형 가오리 핏이 나온다는게 단점인것같네용 .. 
-그리고 많이 구겨져서 온다고 다른후기에 있는걸 봤는데 , 제껀 다행히 그렇게 많이 주름이 져서 오진 않았어요 ( 타 사이트에서 이거보다 더 많이 구겨져서 온걸 봐서 .. ㅋㅋ ) 
암튼 체격 작으신 분들이 입기에 사이즈나 전체적인 핏은 괜찮은거같아요 X ) 추천합니당 !!
( 사고나서 후기 쓰려고 들어가보니 며칠사이에 500원 세일하네요 .. ㅎ  차피 이번주에 사면 더워서 거의 입지도 못할테니 .. 그리고 500원 차이니까요 뭐 ㅎㅎ )
이거저거 적다보니 후기가 길어졌네요 ㅠㅠ .. 제 글이 미약하게나마 도움이 되셨음 좋겠습니다 :)"
4,es** ,22.04.21,솔직히 재질이 좋다곤 얘기 못하겠지만 이만한 가격에 이런 자켓 구하기는 힘들듯.. 안에 두꺼운 옷 입어도 넉넉할것같아서 좋아요 세모로 떨어지는 끝부분 핏은 쪼끔 아쉬운데 팔 안벌릴땐 또 상관없어짐
5,do** ,23.10.08,"기본 검은 블레이저가 활용도가 좋아서 사고싶어서 이 기회에 구매했습니다!
솔직한 후기는요,
키150 몸무게 40한테 큰 오버핏이어서
캐주얼하게 입기에는 길이가 괜찮고, 저는 쪼금 길이를 줄이려고합니다.
그리고, 정말 얇습니다. 몸을 돌렸을 때 자켓이 가벼워보이는 티가 나서, 주머니에 얇고 네모난 물체를 넣어서 각을 잡았습니다..ㅎ 넣었더니 너무 괜찮아서 진짜로 만족합니다!
그리고 구김이 가지만, 검은색이어서 자세히 봐야 티나긴 합니다.
ㅎㅎ 잘 입겠습니답"
6,bg** ,23.10.06,"와... 이 가격에 이 퀄리티 맞아요?
진짜 얇을 것 같고 별 기대 안 했는데 생각보다 퀄리티가 너무 좋아요!!!!
실밥 삐져나온 것도 하나 없고 진짜 다 완벽해요
길이도 160 기준 엉덩이 바로 밑! 딱 좋아용
그리고 얇지도 않아서 가을에 입기 딱 좋아요!!!!
다만 목부분 카라 구김이 좀 있어서 아쉽긴 한데 진짜 좋네요. 살까 말까 고민 겁나 했는데 바로 사세요 진짜!!!"
7,yh** ,21.09.26,"재질도 엄청 탄탄하고 요즘같은 일교차 큰 날씨에 입기 딱 좋아요 키168인데 엉덩이 반정도 가려집니다! 소매는 팔이 긴분들은 좀 짧다고 느껴지실 거 같아요! 
저는 딱 괜찮았습니당!! 입었을때 부해보이지도 않고 딱 좋았어용"
8,da** ,23.10.02,정장을 입는 타입은 아닌데 나이를 먹으면서 단정한 자켓이 꼭 필요해져서 구매 하게 됐어요 블랙 불레이저는 워낙 무난템이다보니 요기서 살지 저기서 살지 엄청 고민 했는데 사길 잘 했다고 생각 중이에요! 퀄리티가 괜찮아요
9,rn** ,23.11.01,급하게 필요해서 산 자켓인데 키 156 기준 엉덩이 살짝 가려요 입었을때 단정하고 깔끔해 보이구요!! 손등은 살짝 가리는게 조금 커보이긴 하는데 오버핏 다른 자켓들보단 제 체구에 훨 나아요ㅠ 추천합니다~
10,da** ,23.08.08,딱 원하던 색깔이에요! 너무 밝은 회색은 원하지 않았는데 짙은 검정에 가까운 차콜이라 좋았습니다! 기장도 좋고 품도 여유롭게 잘 맞아요. 포장상태도 좋았는데 처음에 냄새가 너무 역해서 좀 빠지길 기다려야 할 것 같네요. 그래도 마감처리 좋고 가격대비 좋아보여서 오래 입겠어요 굿굿
11,al** ,23.04.16,기본 검정 블레이저가 없어서 구매해봤습니다 길이는 엉덩이 덮는 기장감이고 팔은 딱 떨어지는 것 같아요 어깨라인 잡아줘서 이쁘고요 와이드하게 입을때 더 잘 어울리는 것 같아요! 아주 만족 중 입니당 손이 자주가요
12,mi** ,23.04.02,"어깨가 직각이고 넓은 편이라 너무 오버핏이면 어깨가 태평양같을 것 같고, 또 너무 딱 맞으면 너무 차려입은 느낌이 날 것 같아서 약간 오버핏인 자켓을 찾고 있었는데요! 딱 이 자켓이 그런 느낌인 것 같아요

약간 오버핏이라 어디에든 휘뚜루마뚜루 잘 입을 수 있고, 어깨가 엄청 넓어보이지 않아서 저처럼 어깨가 좀 있으신 분들도 부담없이 입으실 수 있을 것 같아요

근데 날씨가 갑자기 더워져서 저녁에나 입어야될 것 같아요
더 더워지기 전에 얼른 실컷 입어야겠어요

아 글고 요즘 너무 잘 먹어서 54키로까지 쪘는데욥! 저는 보통 팔뚝과 허벅지에 살이 붙는 편인데도 이 자켓 입으면 하나도 살 안쪄보여요 헤헿"
13,iu** ,23.11.01,"키 작고 마른 체형인 분들은 이 자켓이 짱입니다… 당장 사세요… 몇년 전부터 살짝 오버핏인 자켓 사고싶어서 여기저기 사봤는데 아빠정장 빌려입은 것마냥 어깨나 품이 다 커서 반품만 5-6벌 했었는데 요걸로 정착했습니다…  어깨도 살짝 보완하는 정도고 카라도 너무 크거나 작지도 않은 사이즈여서 캐주얼과 정장 다 괜찮아요! 기본적이지만 요즘은 해주면 고마운…소매 버튼도 진짜고 뒷부분 갈라진 것도 살짝 뜨긴 하지만 괜찮은 정도에요. 색상은 회색 골랐는데 딱 예쁜 회색인 것 같슴다! 추천추천,,
아 얆기는 딱 가을자켓이에요! "
14,sh** ,23.10.26,"울산사는데 배송빨랐어요.162에 55고 s로 주문했습니다
핏은 원하던 정사이즈 핏이고 소매가 손목끝부분까지 오더라구요.조금더 긴게 좋았지만...그래도 기장은 엉덩이 절반은 덮었고 안감색을 겉과 맞춰준거 좋았습니다.무엇보다 배송상태 좋았어요.옷걸이에 걸어주시고 세탁소처럼 비닐에 감싸주시기까지bbb "
15,ch** ,22.05.02,"다른 라인의 자켓을 사고 가격이 좀 더 싸지만 비슷하고 색이 이쪽이 더 마음에 들어서 샀는데 싸서 그런지 밝은색이라 그런지 싼티가 좀 나요ㅠㅜ 탄탄하지 못해서 반듯한 느낌이 없어요. 그리고 색상이 실제로 보는거랑 좀 달라서 몇번을 확인했어요, 제가 크림베이지로 잘못시킨줄 알고 ㅎㅎㅎ 그래도 나쁜건 아니라서 잘 입고 다닙니다 ^^ 2번째는 다른거랑 색상 비교해보시라고 올려요. 뒤에 깔린게 링클프리셔츠 연베이지입니다."
16,kh** ,23.03.23,"무난한 자켓으로는 진짜 대박적 아이템입니다
목이 짧고 가슴이 커서 자켓 셔츠류가 정말 안 어울리는 사람인데 이건 찰떡같이 잘 받아요 캐주얼하게 흰 티에 청바지 입어도 되고 안에 원피스 입어도 예쁠 듯 합니다 자켓= 로렌하이임 저같이 목 짧은 여성들은 어야어야 드루와"
17,w5** ,23.09.27,리뷰보고 사는편입니다   오버핏은 싫고  어깨는 맞으며 약간 낙낙한 핏을 원했는데 딱 괜찮구요   어깨는 약간 큽니다    길이가 가장 맘에 들고 두께도 지금 부터 늦가을까지 입기에 좋을것 같아요
18,kk** ,22.04.23,"일단 4.21일 밤늦게 주문해서 4.23일 낮에 받았습니다.
퀄리티는 가격값..합니다. 네.
핏도 정사이즈 핏이구요. 리뷰보다는 실밥상태 좋았습니다. 구김도 조금?있었고 냄새는 아무냄새도 안났습니다.
아쉬웠던건 색..제가 갤럭시 기종에 블루라이트 차단하고 보긴했는데 실물은 검정색을 좀더 넣은듯한 색이에요. 사이트사진보다 쪼끔 어둡습니다."
19,hw** ,22.04.15,"색은 화면과 비슷하구요!다만 등쪽이 타이트한
느낌이 있어요 ㅠㅠ그래서 단추 채운것보단 푼게
예쁘더라구요.그리고 생각보다 얇지않아서 지금 입기 딱 좋습니다.구김이 잘 생길 수 있어서 조심해야할것같아용 그래도 가격대비 만족합니다~"
20,so** ,22.09.18,날씨가 갑자기 더워져서 거의 입지 못하고 들고만 있었지만 그래도 핏은 원하던 핏이여서 그냥 저냥 만족합니다~ 그리고  원하던 재질이 아니긴 했지만 핏도 핏이고  급하기도 했고 그래서 그냥 입으려구요~~
21,s1** ,22.05.06,상체에 살집이 조금 있는 체형이라 핏이 예쁘게 떨어지지 않을까 조금의 걱정이 있었는데 생각했던것보다 훨씬 낙낙한 핏이고 어디에나 믹스매치해도 잘 어울리는 깔끔한 디자인이라 완전 만족스러워요 ! 두께감이 얇은 편이라 완연한 여름과 겨울 아니면 어느 계절에 착용해도 괜찮은 소재예요 다만 먼지가 잘 붙는 소재라 그 점은 조금 아쉬워요🥺 그렇지만 이 가격에 이 퀄리티라 단점 충분히 보완 가능!! 예쁘게 잘 입을게요 💨😍
22,ye** ,22.04.19,생각한 것보다 사이즈가 더 큰 것 같아서 놀랐어요. 근데 그 덕에 핏이 더 예쁜 것 같기도 하네요. 아쉬운 건 가슴쪽에 있는 관상용 주머니(?) 마감이랑 전체적으로 먼지가 붙기 쉬운 재질?이라고 해야 할까 잘 관리해야 할 것 같아요. 근데 이 가격에 이 정도면 아주 만족스럽습니다.
23,dm** ,21.11.02,이번에 데쥬에서 산 것 중에 가장 마음에 들어요! 우선 핏이 예쁘고 질도 괜찮아요. 다른 곳에서 2배정도 가격의 옷을 샀었는데 더 두껍고 질이 좋은 편이긴 했지만 핏이 너무 안예뻐서 반품했었어요. 통통한 분들은 이거 입니다! 남여공용이래서 너무 커서 부해보이지 않을까했는데 그냥 딱 맞아요. 길이도 너무 길지도 않고 안에 좀 따뜻하게 입으면 가을까지는 입을 수 있을 것 같고 마감도 좋아요.
24,kj** ,21.08.12,"어깨패드 있는듯 없는듯 하고
전체적으로 가격에 비해 만족하는 핏,디자인인거같아요
아쉬운건 어깨가 좀 더 탄탄했으면 하거나 소매부분이 저렇게 브이자로 마감된거나 가슴부분에 비스듬하게 박음질된게 아쉬워용
그래도 싼가격에 이정도면 선방한듯?"
25,sh** ,22.08.30,가죽자켓 처음 사봐요 그런데 생각보다 덩치를 크게 만들어주네요 그래도 옷은 예뻐요 그리구 소매에 박음질 이거 뭔가요 ㅋㅋㅋ 검수 스티커는 왜 붙였는지 이해가 안되요! 교환하기 귀찮아서 그냥 입을거지만 검수 더 열심히 하셔야 할듯해요;
26,bj** ,22.05.07,"생각보다 커서 66 정도분들이 입었을때 딱 예쁜 핏일 거 같아요!!!!
44분들이나 좀 마르고 키 아담하신 분들이 입으면 넘 아빠 옷 뺏어입은 느낌 날듯용
166인 저한테도 좀 컸어요 
전체적인 퀄리티는 가격대비 만족했구요 배송도 생각보다 빨리 와서 괜찮았어요 ㅎㅎ"
27,du** ,22.04.19,"진짜 이번 봄 교복 처럼 입고 다닙니다. 라인이 들어간 라이더가 아니고 자켓 처럼 가볍게 입을 수 있어서 적당한 보온과 핏도 아주 좋아요!! 청바지, 슬랙스 정말 아무데나 잘 어울리고. 가격대비 재질도 좋은 듯 합니다ㅎㅎ"
28,sk** ,22.04.14,"배송 느리다고 써있어서 다른 상품이란 따로 주문했는데 다음날 바로 출발했어요 이틀안에 받았습니다
170한테 조금 짧지만 품이 넉넉해서 껴입기 좋아요
근데 주머니가 다 찢어져서 왔네요..ㅎ검수 완료라 써있던데 너덜너덜하네요 그냥 교환하기 귀찮아서 입습니다..98도씨 정말 좋아하는 쇼핑몰인데 담부턴 꼼꼼하게 확인하고 보내주세요.."
29,ls** ,23.11.07,"사이즈도 잘 맞고 탄탄하고 너무 옙버요ෆ 
라이더 사고 싶었는데 98도씨꺼 짱이에오 진짜!
지퍼 많이 달린 라이더 보다 베이직한 디자인 찾고 있었는데 완전 맘에 들어용"
30,lj** ,23.09.29,"키 173 기준 엉덩이 다 덮습니다! 적당히 오버한 블레이저를 찾았는데 넘 만족햐요 ,, 작지도 크지도 않고 딱 적당한 사이즈예요! 제 스타일에 안 어울릴까봐 한참 고민하다가 구매한건데 생각보다 휘뚤일거 같아요 ㅎㅎ 
근데 넘 주름이 심한 상태로 배송이 와요 .. 후기 보고 얼마나 심하겠나 했는데 정말 심합니다 ㅎ 스팀다리미로 열심히 다렸는데도 덜 다려져서 다리미로 또 다림 그리고 카라 뒷목 부분이 되게 두툼? 하고 자기주장이 심합니다 살짝 웃겨요 그치만 이 가격에 이 정도면 가성비 굿인거 같슴니다 배송도 직진배송이라 하루만에 왔어요 ദി ◠.◠) "
31,mc** ,22.10.18,"배송 온 당일 겉만 보고 괜찮아서 택 떼고 걸어뒀다가 다림질 하면서 발견했는데ㅎ.. 팔 안감이 다 뜯어져서 좀 심각해보이길래 문의남겼더니 뭐 아무것도 안된다구 하네용 핳ㅎ
모두 안감 잘 확인하고 택 제거하세요 ㅎ…
그리고 은근 얇아요~~!"
32,le** ,22.09.07,"보이는 후기만 보고 사이즈표도 얼추 오버핏이길래 구매했습니다!
막 아빠핏이라는 평이 많아서 난 오버핏 나오면 대성공인거다~하고 구매했어요 ㅋヲ
받고 착용해보니 아하!...😳
너무 슬림핏 느낌이길래 뭐지?̊̈ 상품명 다시 보고 후기 다시 보는데 이제야 보이는 다 마른자들..😱
저는 169/82인 슈퍼뚱땡이인데 간과했죠 ㅎㅎ
/""@¥\+!(대충 험한말)
저랑 비슷한 스펙들 보니까 다 핏된다 오버핏 아니다 등
그렇구낭 ㅎㅎㅎㅎ 
근데 질 괜찮고 3만원대에 구매한거치곤 박음질도 좋고 
두께도 생각보다 두꺼워서 겨울에 코트 안에 입으면 딱일거 같아요
이리저리 입어보고 구매확정했어요~
구매하시려는 분들! 스펙 잘 확인하세요!​  !̤̫ !̤̻
옷 상세사이즈보다 비슷한 스펙분들 후기가 더 정확한거 같아요 이거는"
33,pn** ,21.10.19,"가격대비 퀄 좋아용!!!
근데 제가 키가작아서 그런지 좀 크긴커요 코디 잘해서 입으면 스타일리쉬해보이는데 그렇지못하면 아빠옷걸친느낌 ㅠㅠ 그래도 전 너무만족하고 잘 입고다니고있어요 이쁜옷감사해요!!!"
34,oe** ,21.08.28,"가격 대비 굿
핏은 오버핏 수준이 아니고 아빠핏ㅇㅇㅇ
추워해서 아부지가 겉 옷 벗어 준 거 같아 보이는 면이 있음
그래서 입을랑말랑 하게 걸쳐 입어야 함
아직은 더워서 들고 다녔는데 만족

가격대비 질이 좋음
처음 입을 때 정리 안된 실 많으니 열심히 찾아 잘라주고, 구겨진 거 슥 다려주면 아주 고퀄이 됨

무튼 가격이 착해서 만족"
35,s2** ,22.10.02,"입었을 때 핏이 예뻐요 ♡ 

작은 실밥은 정돈하면 될거같구 
옷 안쪽의 약간의 구겨짐도 
입을 때 문제없어서 바로 입고나갔어요 ~ 

팔을 들면 불편해서 그 점이 약간 아쉽지만 
그래도 그것 빼고는 생각한 대로의 
색감에 핏이 예뻐서 소장했어요 ♡ 

잘 입어보도록 할게요 ~ 예쁜 옷 감사합니다 ♡"
36,qs** ,22.04.21,"크롭을 살까 스탠다드를 살까 고민했는데 크롭을 샀으면 좀 짧았다고 생각할정도로 스탠다드가 딱 핏을 잡아줘요
팔길이도 적당하고 원단도 각이 잡혀있어서 지금 딱 입기 좋아요.
다만 이런 디테일들은 좀 아쉽네요."
37,dh** ,22.04.17,요즘 다 길게 나오는 자켓이 대부분인데 키가 작아서 정사이즈 자켓이 있으면 좋겠다는 생각에 찾았어요! 길이랑 품이 적당해서 아주 좋아요! 몸통?부분은 좀 큰 감이 있지만 그래도 이정도는 괜찮은 것 같아요. 근데 배송 받았을 때부터 몸통부분에 점박이?처럼 뭔가 찍혀있는 느낌이 들었는데 다림질해도 소용이 없더라구요. 그리구 빳빳한 느낌의 소재라 그런지 카라 부분이 접힌채로 고정이 잘 안돼서 마찬가지로 다림질했는데도 잘 해결이 안되더라구요. 교환하기 귀찮아서 그냥 입긴해요...
38,ka** ,22.04.17,"옷은 딱 생각한 그대로입니다~ 키가 좀 작고 아담한 체구이신 분들은 호불호 없이 다 잘 맞을것 같아요~!
엄청 오버핏은 아닙니다! 어깨뽕 과하지않아요
살짝 라인 들어가 있습니다~ 롱스커트, 바지에 다 잘 어울려서 좋아요☺️ 다만 한가지 아쉬운점은 뒤에 엉덩이 부분이 입으면 좀 떠요..(전반적으로 고급스러워 보이는 느낌은 아니고 휘뚜루마뚜루 입는 느낌입니다~)"
39,hy** ,22.04.16,"기본적인 자켓 사고싶었는데 만족합니다!
두께가 생각했던 것 보다 두꺼워서 좀만 더 지나면 못입을 것같아요! 진짜 봄 가을?에 엄청 춥지도 덥지도 않은 적당한 날씨에 좋을 듯해요
기장은 엉덩이 안 덮고 엄청 짧지도 않아요 적당!"
40,le** ,23.03.18,"색감이 회갈색 느낌에 아이브로우 색상에서
찾아볼 수 있는 색상이라 뭐라 설명드리기
어렵지만 사진에 나온대로 여기저기 돌아다닐 때마다
햇빛, 조명에 따라 색감도 많이 바뀌더라구요 😓

그래도 무난하게 입고 다니기 좋았고 무엇보다
시크하면서도 따순느낌을 줘서 귀엽게 입기에도,
도도하게 입기에도 좋을 거 같았어요!

남자친구 보러 가는 날 급하게 주문했는데
구김도 적었고 냄새 제로, 찰랑이는 재질이에요!
잘 구겨지는 재질은 아닌거같고 생각보다는 도톰했어요!"
41,ru** ,23.10.12,"(수정 : 여러분, 옷 마감 확인 제대로 하세요ㅠ 전 손목 부분 박음질 엉망입니다ㅠㅠㅠ 길이도 안 밎아요ㅠ)
배송 빨랐습니다. 옷 퀄리티 나쁘지 않습니다.
얇지 않고 조금 두깨감이 있어서 가볍지는 않아요.
핏도 괜찮고, 소재가 몸에 닿는 느낌도 괜찮아요.
다만, 처음 오픈했을 때
실밥 + 얇은 실 뭉치? 뭐 다양하게 붙어 있었고, 소매 쪽 박음질? 마감이 제대로 안 되어 있어서 보이는 내부 실 색상이 막 노랑, 파랑이었나…박음질 실 색상이 화려해서 놀랐어요!


마감 부분만 제외하면 옷은 만족합니다! "
42,nl** ,23.10.07,"저번에 자켓 두가지 샀었는데 너무 잘입고다녀서 직진배송으로 시켰어요. 이전 꺼랑 디자인이 바뀐건지 직진배송만 다른건지 모르겠으나 손목쪽 디자인이 약간 다르고 만졌을때 재질이 약간 다른 느낌이 들어요. 두께는 유의미한차이는 아니고 0.01~2정도 두꺼운느낌? 제가 169인데 딱 핏한 느낌도 아니고 그렇다고 퍼지는 느낌도 아니고 딱중간 기본 핏에 편해서 너무 좋아요.  마르신분들은 약간~크다고 느끼실수도 있을것 같네요. 길이도 엉덩이 반쯤 덮어서 그것도 맴에 듬. 
캐주얼틱한 자켓이라 캐주얼에 입기도, 정장처럼 차려입기도 좋아서 진짜 추천합니다. 봄,가을 뽕뽑고 입고다닐수있어요ㅋ"
43,rh** ,23.10.06,"길이도 품도 넉넉해요!! 저는 어깨가 있는 55사이즈인데 작은 걸 할까하다가 리뷰보고 안에 조금 두꺼운 옷 입으려면 큰거 해도 되겠다 싶어서 넉넉한 사이즈로 선택했어요! s사이즈 했으면 어깨 딱 맞는 길이는 좀 긴 자켓이 되었을 것 같아요 그것도 예쁠 것 같지만 고민 많이 하다가 오버핏이 없어서 M으로 선택했어요 :) 
어깨가 깡패처럼 더 넓어보이긴 하지만 😅 그래도 오버핏인만큼 그 느낌대로 입어보려구요 
170에 팔이 긴편인데 기장은 잘 맞아요!"
44,ls** ,23.10.03,"색상은 화면과 동일한데 리뷰처럼 실밥이 엄청 많았고 생각보다 팔소매 박음질이 단단하지 않아서 제가 대충 양쪽 소매 박음질 한번더 해서 입었어요 
163/60 기준 s로 잘못 시켰는데 ㅋㅋ 딱 맞아서 그대로 입고 있습니다ㅋㅋ 그래도 살더 빼서 오버핏으로 입을래요! "
45,bn** ,22.04.12,"<장점에도 단점에도 안들어가는...>
1. 색감차이가.. 많이나요 사진보고 그레이 위주의 먼지먹은 카키색일 줄 알았는데 엄청!!! 초록빛 돌아요 카키 90 그레이 10의 물빠진 야상색? 올영같은 특정 조명에서 보면 그나마 상세컷이랑 비슷한 색감이 나와요 그레이쉬한 브라운카키 아닙니다,, 저는 오히려 좋아가 됐지만 쇼핑몰 색감 생각하고 구매하시면 실망하실듯해요 두번째와 세번째 사진 사이의 색감입니다
2. 카라가 목 위로 꽤 올라와요 하프넥이랑 비슷한 높이로 올라오기 때문에 목이 짧으신 분들께는 비추입니다
3. 얇아서 지금 입기 딱!!! 좋아요 

<장점>
1. 핏이 좋아요 어깨선이 딱 잡혀있어서 깔끔합니다 기장도 딱 골반쯤에서 끊기는 예쁜 기장이라 다리가 길어보여요
2. 품이 여유로워요 팔뚝살 있는 80c인데 팔통 가슴 모두 여유롭고 낀다는 느낌이 안들어요
3. 등쪽에 안감 여유분 있어서 활동성을 고려한 것도 좋아요
4. 옷걸이 걸어서 비닐포장해서 박스에 담겨옵니다

<단점>
1. 천이 좋은 원단은 아니라 받았을때부터 살짝 핀듯한 천이에요 디자인은 마음에 드는데 입다보면 금방 후줄근해질듯해요 어떤분 후기처럼 가격이랑 퀄리티를 같이 올렸으면 좋았을듯한 아쉬움이 남습니다ㅠㅠ
2. 품이 커서 좋긴 한데 너무 커요 옆에서 보면 퍼져서 종모양 같아보여요 품이 좀 잡혀있으면 훨씬 예뻤을 것 같아요(옆모습 사진은 밝기조절 했습니다)
3. 한번 입고 운전하고 장보기 정도만했는데 팔에 접힌 자국 났어요 얇아서 그런가,,,, 주름에 주의하셔야할듯..?
4. 주머니가 없어요"
46,kk** ,22.03.28,크롭 기장이구 얇아요 !! 날씨 15~20도쯤 입어야 좋을거같아요 색감은 생각했던거보다 조금 어두워서 반품할까했는대 그냥 입어요ㅠ 청바지보다는 검정바지랑 더 잘어울려요 약간 세로줄 결이 보이는 재질이예요
47,en** ,23.04.27,살까말까하다 샀는데 잘샀어요 실물이 훨씬 예뻐요 얇고 가벼워서 쓱 걸치기 좋겠더라구요 갑자기 쌀쌀해져서 못입었는데 여름까지 가능할 것 같아요 걱정 많이했는데 입어보면 훨씬 낫습니다 너무 이뻐요
48,xi** ,23.09.17,무난하고 예뻐요! 어떤 옷에든 잘 어울릴 것 같아요. 놀러갈 때도 출근할 때도 잘 활용할 수 있을듯하네요. 생각보다 얇은 느낌이긴한데 이보다 두꺼우면 이 핏 안나올 것 같아요.. 만족합니다!
49,hj** ,23.09.17,빳빳한 소재일 줄 알았는데 부드러운 소재여서 오히려 좋아!키도 몸집도 작아서 핏 되는 옷 특히 외투 찾기가 쉽지 않은데 남의 옷 얹은 것 같이 않고 내 옷 같아서 첫 번째 만족스러웠습니다. 색감도 사진 그대로 시크해서 두 번째 만족했어요. 짧은 가을 놓치지 않고 요 자켓이랑 잘 보낼게요 :)
50,dn** ,23.08.24,"블루 색상이 마음에 들어서 내추럴도 구매했습니다!
블루는 m이었고 내추럴은 s샀는데,
m은 널널했고 s가 확실히 타이트한 느낌은 있더라구요~
그런데 단추 부분이 꼼꼼하지는 않은 것 같아서 살짝 아쉬워요!
그래서 1개정도 여분의 단추가 옷 안에 달려있으면 어떨까 싶습니다 :)"
51,sh** ,21.06.30,"프링 린넨 반팔 숏자켓 vs  베이트 린넨 하운드 체크 반팔 자켓

두 개 엄청 고민하다가 너무 예뻐서 두 개다 사벌였습니다..ㅎ
저 같은 사람있을까봐 비교하면서 쓰것슴돠
편의상 프링 리넨 반팔 숏자켓은 ➡️프링
베이트 린넨 하운드 체크 반팔자켓은 ➡️ 체크 로 부르것슴다

🌝재질 및 두깨감🌝
프링이 훨씬 두껍습니다. 만지면 탄탄한 소재인 것이 느껴져요. 한여름 무리무리~ 체크는 그나마 좀 가볍고요. 주름이 프링보다는 안지는 재질입니다. 레이온/폴리가 섞여서 그런 것 같아요~ 그래서 체크가 더 찰랑찰랑~ 하는 느낌이고 프링은 탄탄!

🌝전체적인 핏(feat.어깨뽕)🌝
프링이 제가 입을 때 뭔가 더 옷의 너비가 크게 느껴졌어요. 어깨뽕도 체크보다 더 두껍네요. 
프링은 소재탄탄+어깨뽕두꺼움+옷 자체에 너비가 넓어서 체크보다는 좀 부해보일 수 있겠다는 생각이 드네요. 게다가 제가 프링 내추럴 밝은색으로 사서 더더욱 그래보이나봐요. 전 왜소한 편인데도 입었을 때 '오..🤔?'이런느낌이였습니다. 체크도 어깨뽕 있긴하지만 저한테는 딱 좋은 어깨뽕이였고 그래서 그런지 핏도 좀더 저한테 맞는너낌?

🌝기타🌝
개인적으로 디테일은 프링이 더 좋았고 핏은 체크가 좋았어요. 그리고 두개 다 어깨뽕이 있는 상품이여서 숄더백을 어깨에 멜 때  좀 불편하겠더라구요..ㅎㅎ^^ 그래도 뭐 이쁩니당"
52,es** ,21.05.27,"색, 퀄리티 너무좋아요
어깡 얘기많이하시는데 저는 이미 모태 어깨깡패라서
아주 딱맞네요 예예 사이즈 굿입니다
살좀빼소 박시하게 입으면 좋을거가타영 ~~~><
너모예뽀요 두껍긴한데 그래서 더 고급져보입니다 >< 진짜 잘샀네요 이거 ~~~~"
53,rh** ,21.09.08,"자켓이지만 나시에 단추 잠그고 입을 옷을 찾다가 인기 제일 많은 상품으로 뜨길래 포토후기를 거의 다 읽어보고 구매했습니다!
제가 통통한 편인데요 그럼에도 불구하고 넉넉한 품과 큰 어깨는 후기를 읽어보고 s사이즈를 구매하기 잘했다고 생각했습니다!
저는 어깨에 패드를 제거해서 입고있습니다~
그리고 디자인, 핏 모두 사진이랑 동일합니다
재질은 린넨인데 탄탄해서 한여름에는 못입고 지금 딱 입기 좋습니다~
엄마가 사진으로 보실때는 음 그냥 그런데 라고 하셨다가 실제 옷 입은거 보시고는 깔끔하다, 이쁘다, 무난하다, 언제입어도 괜찮을것 같다고 하셨습니다
너무 만족스럽습니다

구매하기 고민되시는분들은 다른분들 후기 꼭 참고하시는걸 권해드립니다~"
54,yy** ,21.06.02,너무너무 맘에 들어요~!! 그래서 색상별로 구매하고 다른상품도 오늘 추가 구매햇습니다! 약간 크게 입는게 좋아서 크게 주문햇는데 만족합니다! 어깨깡패된다던데 저는 잘몰겟어요 ㅠㅠ 오히려 적당히 슬림해 보이는 효과를 주는것 같아용!!!
55,ll** ,22.11.12,"첨에 M 으로 샀다가 핏이 너무 어벙벙하고 커서 S 사쥬로 교환해서 받았습니다 결론부터 말하면 제 스펙 정도-이하이신 분들은 S가 딱일 듯 합니당

평소 오버핏 좋아하시고 오버핏으로 입는 분들 아니면 M이 아주아주 어색할 거예요... 첨에 입어보고 이게 맞나 아닌가 고민하기를 수십번.. 심지어 경량패딩 입고도 쑥쑥 들어가길래 아 이건 아니다 해서 S로 바꿨는데 이게 핏이 맞더라구요

사이즈가 여유있게 나온 편이라 S로 해도 끼는 느낌 없이 여유있게 잘 맞아요 안에 도톰한 니트 입어도 입어질 만한? 색상도 화면과 동일하고 쿨톤브라운 느낌입니다 너무 브라운 색은 안어울리는 편인데 이 색상은 진짜 이쁘네요 ㅎㅎ

여러 후기에서 말한 뒷 부분이 꼬리처럼 뜬다는 말도 이해했어요 네반째 사진처럼 뜨는 느낌이 있긴 해요 두께감은 두꺼운데다 뒷트임이 있다보니 그런 것 같은데 겨울 자켓인거 감안하면 괜찮은 것 같아요

소재가 보들보들한 느낌은 아니고 거친 느낌인데 예민하지 않아선지 목 부분이나 입었을 때 따갑다는 느낌은 없었어요 안감이 팔부분까지 전체안감으로 잘 되어 있어서 입고 벗을 때도 아주아주 편하고 좋구용

겨울 울자켓 치곤 가격이 저렴한 편인데 이 정도면 가성비 좋다고 봅니다 ㅎ 안에 껴입는거에 따라 한겨울에도 목도리 두르고 입을 수 있을 것 같아여 전 만족합니다!!"
56,lo** ,23.11.12,넘 예뻐요 기다린 보람이 있어요 기다리는 동안 날씨가 많이 추워졌는데 그래도 탄탄하고 두꺼운 느낌이 있어 좋네요!! 품은 잠궜을때 넓은듯 합니다 색감도 없는 색이고 쿨톤에도 잘 어울려요
57,wn** ,23.11.11,"157에 42라서 살짝 큰감이 있긴 한데 오히려 말라보이지 않고 체격있어 보이는 핏이라 다행이에요!!
하나 너무 아쉬운건 질감이 제가 생각한 울 보단 거친 질감이라 아쉬워요ㅜㅜ 작년에 12만원 주고 산 울 코트가 훨씬 부드럽고 좋아서 가격대비 비싼거 같아 환불하려 하다가 색감이 너무 이쁘게 잘 빠져서 그냥 입습니다..ㅠㅠ 이 가격대에 보풀 쉽게 일어날 것 같은 느낌이 많이 들어요ㅠㅠㅠ 하지만 진짜 색이 너무 맘에 들고 찾던 색감이라 구매결정..! 8-9만원이라면 적당한 가격이라 생각해요~!"
58,ek** ,23.11.11,"재질 너무 괜찮네요. 추위 많이 타서 안에 누빔 있으면 더 졸았을 것 같아요. 아쉬운대로 경량패딩 입고 다닙니다.
어깨패트 툭 나와서 넓어보이는 핏 싫어하는데
이건 딱이네요. 잘 맞습니다!!
오래 고민했는데 오히려 늦게 사서후회한ㅎㅎ"
59,ha** ,23.11.10,오버핏 싫어서 찾다가 발견해 바로 구매했어요 두툼하니 요즘 날씨에 딱 좋은거 같아요. 리뷰에 두꺼운거 못 껴입는다고 했는데 저는 충분한거 같아요. 아주 만족합니다. 배송도 늦을줄 알았는데 이틀만에 왔네요. 
60,go** ,23.10.09,"슬앤자켓 오랜만에 구매했어요
크롭기장이라 다리가 길어보이고 캐주얼하게 입어도 잘 어울리는거같아요
예전에 제작자켓 구매했을 때 소매 걷었을때 지저분한게 별로였는데 이건 깔끔해서 좋아요.
겉주머니는 없지만 이너포켓 있어서 편하고, 자켓 소재는 매끈한 폴리가 아니라 결이 보이는 탄탄한 면느낌입니다 !"
61,ab** ,23.10.04,"봄가을용으로 나온것같은 두께예요! 여름에 입기엔 더워요
요즘처럼 겉옷 입기 좋은 날씨에 걸치면 좋아요
특히나 예식 장례식 또는 격식있는 자리에 입기 가장 무난하고 좋은 기본템이라 오래오래 입을거같아요!!"
62,03** ,22.10.22,"키 157cm. 몸무게 57kg입니다.
키가 작아 숏자켓이 있으면 좋겠다 했는데 잘 샀어요!
자켓이 두루두루 사용도가 너무 좋아요!! 여기저기 잘 어울려!
이번주초에 받고 토욜까지 매일 입은 듯...♡

슬로우앤드에서 같이 산 모션인생수트스커트 그레이지랑 색은 좀 다르지만 같이 입으면 잘 어울려요! 거기에 해브브이넥소프트니트티 스카이민트색 바쳐 입고 롱부츠 신으니 찰떡이구요. 
회색니트티나 미니멀무드피그먼트단작셔츠 그레이시민트에 검은 슬랙스랑도 잘 어울리고 코트 속에 입어도 편하고 좋습니다. 
쌀쌀한 저녁에 입기도 좋고 실내에서 편하게 입고 있을 수도 있어요.
단추를 잠가 입어도 이쁘고 풀고 입어도 이뻐요.

사이즈표 보면서 자켓 어깨가 넓은가? 싶었는데... 제가 팔뚝 둘레가 30cm이거든요. 살 튀어나온 데까지 어깨선이 나와있고  팔라인을 일자로 떨어트려주니까 팔뚝살 부각 없이 날씬해보여 좋아요! 끼는 데 없이 편하고 좋네요

이번에 슬로우앤드에서 잔뜩 샀는데 완전 만족! 대만족!!"
63,he** ,22.09.13,"팔목 부분 팔통을 대체 왜 이렇게만들었는지 이해가..
너무 길고 이상해서 꼭 접어서 입어야할듯…
컬러는 흔한 베이지 아니여서 맘에듭니다.
두께감도 있어서 아직 못입고 나가는데 잘 입어지길.. ㅠ
재질은 제 기준 그리 고급진 느낌은 모르겠어요 
다른 자투리 원단으로 만든 느낌이랄까..?"
64,01** ,22.04.20,"슬로우앤드 알게된지 얼마 안됐는데 옷 퀄리티가 너무 좋아서 지금 엄청 많이 사고있어요.. ㅋㅋㅋ
거의 슬앤 홀릭됐어요
자체제작 많아서 너무 좋아요 !! 

우선 이 자켓은 진짜 흔하지 않은 색상이라 소장가치있구요 옷 입으면 디게 분위기있어보여요
슬앤에서 같이산 투데이데님흑청이랑 같이입었는데 다리도 엄청 길어보이구 날씬해보였어요 ㅋㅋ 
요즘 슬앤에서 산 옷들로 코디하면 주위사람들이 다 다리길어보인다고그래요 ㅋㅋㅋ넘나좋음

자켓은 좀 두꺼운편이라 이제 얼마 못입고 넣어놔야겠지만 가을부터 진짜 뽕빼고 입을거같아용 ㅋㅋㅋㅋ
5월 중순까지는 입어도될것같습니다 !! 
저는 가슴이 큰편이라그런지 풀어서 입는게 훨이뻤어요
재질 정말 탄탄하구요~~ 
밖에 주머니가 없는게 좀 적응이 안되지만 그래서 더 깔끔한핏 나오는것같아요 ! 안쪽에 주머니있어서 불편함은 없습니당 ㅎㅎㅎ 크롭이라 어차피 주머니에 손 넣지도 못할거같아요 ! 
그렇다고 너무 크롭은 또 싫은데 세미크롭 느낌이라 좋았어요
팔 소매부분도 오픈되는 리얼단추라 너무조아요
단추색깔도 자켓색상이랑 찰떡 🤍
이런 이쁜옷 앞으로도 마니마니 팔아주세요🧡🧡"
65,ln** ,23.09.07,"170/76 오버핏 맞습니다 ㅋㅋ 지금보다 좀 더 가을이 오면 안에 티입고 가볍게 입기 좋을거 같아요!! 색상이 딱 추울때 입는 색상입니다 너무 많이 구겨져서 와서 그게
아쉬워요 ㅠㅠ 집에 스팀다리미가 없어서 어떻게 해야하나 고민입니다"
66,sl** ,23.07.14,단정하게 걸칠 수 있는 자켓 찾다가 몸에 딱 맞는 옷은 또 싫어하는지라 구입했는데 아주 좋아요. 아마 잠그고 다니진 않을 거 같고 통통한 사람에게도 오버핏으로 착용되는 아주 넉넉함을 자랑하네요. 소매는 걷어서 입어야 할 거 같고 어깨에 패드가 있어 더 어깨가 넓어보이긴 하지만 오히려 어깨를 잡아줘서 마냥 부해보이진 않는 거 같아요. 지금은 여름인지라 못입고 나머지 계절에 색상이 또 검정이라 여기저기 잘 입고 다닐 수 있을 거 같네요!
67,pr** ,23.03.30,배송이 생각보다 늦게 오지만 옷은 만족스러워요~ 색깔이 너무 이쁘고 재질도 괜찮은 거 같아요. 조금 루즈피트 느낌이라 편하게 입고 다닐 수 있을 거 같아서 좋아요~! 가격이 비해 아주 괜찮습니다! 강추입니다~~
68,go** ,23.03.11,옷이 생각보다 가볍고 재질이 부드러워요.길이감도 엉덩이를 살짝덮고 디자인이 세련돼서 좋았어요.핏이 일단 부해보이지 않아요.제가 66사이즈 입는데 정 사이즈에요.하의를 어떤거를 받쳐입어도 부담없는 스타일. 강추! 가격!
69,yu** ,23.03.10,"구매평이 좋아서 괜찮다 싶어 구매했어요
많이 구겨져서 오지않아서 바로 입어도 될것 같아요
봄에 원피스랑 입어도 이쁘고 정장.청바지 다 잘어울릴것
같네요! 66사이즈인데 예쁜 오버핏으로 잘 맞아요"
70,fh** ,23.09.17,라이트옐로우랑 그냥옐로우랑 차이점이 컬러감이 아니라 두께감 차이더라구요! 저는 브라운슬랙스에 매치하려고 라이트옐로우 구매했는데 약간만 더 추워지면 입기 딱 좋은 봄가을 자켓이예요! 컬러감도 너무 예쁘고 득템했습니다ㅋㅋ
71,sa** ,23.08.23,"너무 귀여운 핑크 트위드 자켓이다
173, 62 인데 완전 오버핏으로 입고 싶어 100사이즈 선택
색감도 연한 핑크색이라 너무 귀엽구 두께는 적당한 편이다 디자인도 깔끔하고 핏도 예뻐서 가을에 바지랑 치마랑도 매치해서 자주 입을 것 같다


”제품을 제공받아 작성한 솔직한 후기입니다“"
72,th** ,23.08.23,"이번 가을 준비는 미쏘에서 해봤는데 특히나 이 자켓이 가장 마음에 들었어요! 고퀄리티에 괜찮은 가격으로 가성비와 가심비 모두 잡은 상품이였구 화면에서 보는 상품의 느낌 이미지 컬러 디자인이 모두 동일해서 생각했던 옷 그대로 배송받아서 직접 보고 산것 같았어요! 단추 하나하나에도 깔끔한 마감으로 더욱 높은 퀄리티를 느낄 수 있었습니다!

#협찬 #미쏘 #MIXXO #MIWJKD31PG #미쏘트위드 #미쏘트위드자켓 #시티룩  "
73,th** ,23.11.05,"가을 나들이 잘 즐기다왔어요 나름 따뜻하긴한데 딱 가을 봄용인듯하고 겨울엔 좀 추울것같아요 
남자친구도 보자마자 아우터 예쁘다고 칭찬 해주더라구요  퀄리티는 백화점입점 상품답게 마감이나 재질 탄탄해요 구매후 실밥정리안한 옷 몇 안 되는데 그 중 하나에요"
74,12** ,23.11.04,"왼쪽은 그냥 카메라로 찍었을때 색감. 오른쪽은 실제 옷 색상과 가장 비슷한 색상이라 다시 찍었어요~! 실제보면 오른쪽보다 훨씬 채도높고 뽀용~한 라이트핑크색상입니다!! 받자마자 넘 예뻐서 입고 놀러나가고싶은 옷이네요ㅡ 저는 딱 핏되게 입고 싶어서 160에 53. S사이즈 샀는데 니트는 못입겠더라구요ㅡ 좀두꺼운 니트입고 입으려면 M이나 L사이즈 사야될듯요. 쿨톤이라 아이보리랑 라이트핑크중 고민했는데..하아. 2가지 다 사고싶어졌네용ㅎ 쿠폰할인에 마일리지. 적립금 +하나카드 할인까지 57,000원에 샀는데ㅡ 완전 만족합니다 ~!!^^"
75,jy** ,20.10.25,"남자친구랑 커플로 입으려고 샀습니다 제가 데쥬에서 옷을 자주 사는데 전에 자켓을 샀다가 하자 있는게 와서 이번에 주문넣자마자 문의드렸더니 배송도 4일만에 오고 하자 없이 완벽하게 왔습니다 :)
남자친구는 남녀공용으로 샀고 저는 키가 작아서 이 자켓으로 입으면 너무 할아버지 정장 입은 것 같아 보일 것 같아서 일반핏으로 샀습니다! 
자켓은 저렴한 가격에 비해 전혀 이 가격으로 산 것 같지 않다는 것이 장점입니다:->
하지만 잘 구겨진다는거 명심하세용 착샷 같이 올려요 구매하세여 ~~~!"
76,11** ,20.10.25,"1. 가격에 비해 퀄리티 굉장히 좋은 편이나 역시 싼티가 좀 남
2. 색감 핏 화면이랑 같음(내 체형에 오버핏 딱 맞음)
3. 이거랑 세트인 슬랙스 안 사는 걸 추천함(슬랙스랑 따로따로 입는 게 더 예쁨) 진짜 사고 싶으면 자켓만 사세요
4. 배송 개 느림 2주 하고도 3,4일? 걸렸음 슬랙스는 일찍 오고 자켓은 위처럼 와서 슬랙스 맘에 안 드는데 반품할 시기 놓침"
77,th** ,21.03.12,"배송 : 주말 포함 8일만에 도착
장점 :
1. 가격이 저렴하고 가성비가 좋은 편
2. 저렴한 가격에 비해 재질이나 마감도 괜찮음
3. 색감이 너무 밝지 않아 무난하게 매치가 잘됨

단점 : 
1. 10대들이 입기에는 좋겠지만 20대 중반부터는 싼티가 남(딱 그 가격으로 보임)
2. 체구가 작음에도 오버핏이라기보단 기장만 긴 감이 있음
3. 어깨뽕이 없어서 정장류 특유의 각이 살지 않지 않음

기타 : 결과적으로 말하면 빈티지한 힙함을 표현하기엔 좋으나 단정한 복장으로의 표현은 못함"
78,th** ,21.02.09,"ㅠㅜ 대 만 족 170 50후
딱 이런 핏 찾고있았는데 사길 고민한 제가 후회스럽습니다..ㅠ 빨리 살걸 짱예뻐요 실제보다 말라보여요ㅠㅠ 팔뚝살커버되고 몸통이 그냥 전체적으로 얇아보여서 대 만 족"
79,ol** ,22.11.21,사진만 봐도 너무 사랑스럽지 않나요🥺 착용감도 편하고 세트와 롱부츠의 조합이 기대 이상이에요- 팔은 접어입으면 이쁘고 어깨뽕도 적당이 들어가있어서 외소한 분들이 보완하시기에 좋은 핏이에요:) 엉덩이 덮는 기장으로 여러 핏을 연출할 수 있어요!
80,ye** ,23.05.21,"색상 완전 하얀색,,,
뭐라도 묻을까봐 조심하면서 입어야하는 느낌이라 자주 입을 것 같진 않아요.
생각보다 한여름엔 못 입을 소재감과 무게감이라서 이미 입을 시기를 지난 느낌이에요.
초가을 쯤에 입어볼게요,,,
그래도 옷은 예뻐요. 살찐 내 몸이 문제지."
81,hy** ,23.04.12,"트위드 하면 로엠 ..❤️ 로엠 하면 트위드!!
항상 트위드를 구매할 때 날씨가 따뜻해지면 못 입을까 걱정했었는데, 반팔 트위드라니.,,, 걱정 없이 구매할 수 있어서 더 좋은 것 같아요! 기장감이나 핏도 적당하니 예쁘고, 무엇보다 디테일이 하나하나 예뻐서 더 마음에 듭니다요. 양쪽에 포켓 디테일이 너무 귀여워요!!!🥹

상품을 지급 받아 작성한 솔직한 리뷰 입니다 ."
82,05** ,23.10.04,누런느낌 전혀 없고 단추도 예뻐요! 키랑 체구가 작은데도 단추 다 잠갔을 때 처음엔 좀 작은가? 싶을 정도로 딱 맞았어요 근데 입다보면 작은 느낌 없이 너뮤 예뻐요!!! 격식있는 자리에 입기 좋은데 실밥이 군데군데 많아서 정리해줘야해요 내년에도 이런 디자인 나오면 또 살거같아요 ㅎㅎㅎ
83,co** ,23.09.21,"xs사이즈 구매했는데 핏이 적당하고 딱 좋았습니다!
색깔도 아이보리가 아니라 화이트여서 원하던 색이였어요~
아쉬운 점이라면 보풀이 정말 잘 생기고 때가 금방 타네요ㅠ
그것만 제외하면 색상도 단추도 예쁘고 만족하는 옷이에요ㅎㅎ"
84,sa** ,23.08.27,"깔끔한 화이트 톤의 트위드 자켓입니다
부담스럽지 않은 트위드이고 깔끔한 트위드 조직이라 단정해보이는 제품입니다
다만 자켓 안쪽에 실이 튀어나온 부분이 있어 제품 검수가 잘 안된 듯 하여 아쉽습니다"
85,kb** ,23.10.25,"진짜 실물 깡패!!!
얇기 정도가 딱 지금 입기에 정말 좋은 것 같아요!
원단도 퀄리티가 있으며 츄리닝, 청바지 등 구애 받지 않고 휘뚜루마뚜루 잘 입을 수 있는 옷이에요!
생각보다 옷이 많이 크지만 예뻐서 입을 수밖에 없는 그런,,ㅎ
153인 저에게 이 정도의 핏이니 참고 해주세용🫶
스트링으로 쪼일 수 있어서 그때그때 옷에 따라 코디 할 수 있어 더욱 추천!"
86,ss** ,21.10.21,"(사진에서 검은색으로 빗금친 부분은 제 에코백임다,,, 옷이랑 색깔이 비슷해서 옷으로 착각하실까봐! ㅎㅎ)

색상은 모델, 상세컷이랑 완전 똑같구, 크기는 생각보다 더 커요! (제가 워낙 왜소해서,,,🥲)
근데 이제 날씨 추워져서 안에 많이 껴입거나 두꺼운 니트 입고 이거 입으면 딱 알맞고 이쁘더라구요!
두께는 정말 얇아서 추위 막음용으로는 불가할 것 같습니당❕❕
하지만 정말정말 예뻐요ㅠㅠㅠ

밑에 주름지게 입으면 더 예뻐서 스트링을 주욱 땡겨서 입었는데, 저렇게 튀어나온 부분은 어떻게 해야할지 고민중,,, ㅎㅎ😜"
87,ca** ,21.11.01,"한 겹만 입기엔 넘 춥고,, 아직 너무 두꺼운 아우터는 좀 아닌 것 같은 바로 지금 낮에만 적당히 입기 괜찮아요
솔직히 질은 별로입니다 엄청 잘 구겨지구요, 얇아서 예쁜 각 잡기 어렵구요 길이 어정쩡하고 줄 당겨서 모양 잡아도 꽤 이상한 모양인데다 지퍼 디테일이 상당히 별로입니다. 그래도 그냥 휘뚜루마뚜루 입기에 나쁘지 않았습니다. 재구매는 절대 하지 않을 듯하네요"
88,rl** ,23.11.11,"받고 입었을때 사실 너무너무 커서 놀랬음
거의 상의 m 짜리 입는데 XL가 온 느낌?
근데 안에 후드옷 입고 밑에 허리쪽 줄 당기니깐 너무너무 이쁜 핏이 나왔어요 엉둥이 가운데까지 가려줌
(뱃살짱짱하게 가려줌 ㅋㅋ)
착용감은 편하고 디자인도 화면이랑 똑같아소 맘에 듭미다!!!"
89,ch** ,23.11.02,"핏이 여리여리해보이고 너무 이뻐요 
재질이 면이긴 하지만 생각보다 주름이 막 생기진 않아요
다만 아쉬운 점은 자크가 조금 저렴해보입니다
그래도 가볍게 걸치기도 좋고 배송도 빨랐어요
중딩딸이랑 같이 입고 너무 좋습니다
"
90,hu** ,22.11.23,이런 코트는 다 어깨장군되나봐요 근데 퀄도 좋고 제가 그냥 미쏘 이런데서 산거는 입으면 어깨 너무 아파서 담걸릴정도라 못입었눈데 이건 편해요 색도 이쁘고 잘 입을 것 같아요 한겨울은 좀 힘들듯요?!
91,dy** ,22.11.21,후기에서 좀 크단 말이 있어서 어떨까 궁금했는데 제가 키가 있어서 그런지 너무 이쁘게 잘 맞았어용 두께도 두껍고 질도 좋아서 한겨울 돼도 안에 껴입고 다니면 좋을 거 같아용 완전 이뻐요 최고😻
92,su** ,23.10.31,구석구석 탄탄하네요. 입고 움직일 때 생기는 어깨부분의 주름이 예쁘고 자연스러워서 마음에 들어요.   두툼해서 따뜻할 것 같아요. 자켓 안이 넉넉지는 않아서 얇은 니트 입고 걸쳐주려구요
93,rh** ,23.10.31,"작년에 사려고 장바구니에 담아두었다가 고민하다가
지인이 입으 모습 보고 
차콜 주문하려고 했는데 작년에 품절되다가 못사고
이번에 입고가 되는 사실을 알고
바로 주문했어요
생각한대로 너무 예쁘네요 
퀄리티 마음에 들고 핏도 잘 빠져서 너무 예뻐요 
자켓보다는 코트에 가까운 재질이라 초겨울까지 
거뜬하게 입어도 될거같아요
후회 없어요!!"
94,dl** ,23.10.27,"

상자에 잘 포장돼서 왔구 체구가 작은 편인데도 
심한 오버핏도 아니였고 딱 예쁘게 맞았어요!

퀄이 막 와 엄청 좋다!!!! 이정도는 아니고 가격대비 괜찮은 것 같아요! 단추 부분이 좀 우는 경향이 있고
내부 포켓이 있었으면 참 좋았을텐데 아쉬워요

그리고 맡기 싫은 냄새는 아닌데 공장냄새인듯한 냄새가 나서 섬유탈취제 뿌려두고 밖에 내놨어요
냄새빠지는건 좀 기다려봐야 알듯함

그래도 좀 더 추워지면 머플러, 장갑 등 겨울 악세서리와 잘 어울릴 것 같은 디자인에 여기저기 잘 어울릴 것 같고 출근룩으로 무난해서 손이 많이 갈둣합니다

작년부터 하도 유명해서 기다렸다가 후기 대충 보고 그냥 사보자 하고 샀는데 꽤 만족스럽네용~~

"
95,kd** ,23.10.24,"옷 자체는 무난하게 예쁘고 다 좋은데 실밥이 소매 어깨 주머니 등등 군데군데 있어서 열심히 미용해줬어요••
그리고 뭔가 미묘하게 하얀 먼지들이 붙어있어서 돌돌이까지 해줬네용
검수 좀만 더 꼼꼼히 해주셨으면 더 좋았을거같아요
그래두 옷은 딱 상상하던대로 예쁘고 사이즈 고민도 많이 했는데 어깨나 팔뚝이 낄까봐 m 샀지만 s도 충분히 맞았을거 같아요!
핏하게 입고싶으면 s 적당히 편하게 입고싶으면 m 추천드려용"
96,qk** ,23.10.24,"검은색 트위드가 사고 싶어서 구매했어요 10월에 입기 좋은 두께감이에요 더 추워지면 입기는 좀 힘들것 같고 코트 안에 입을 순 있을 것 같아요! 사이즈는 S이랑 M 고민하다가 슬림핏 말고 여유 있게 입고 싶어서 M으로 했는데 딱이에요
"
97,ka** ,23.09.21,"짜임이 고급스러워 맘에 들어요. 
색상도 블랙이라 어디든 매치하기 용이해서 좋고 
슬랙스나 청바지와 같이 매치해 출근룩으로 활용하기 좋아요 :-) 

판매자에게 제품비 일부를 지원받았지만 저의 솔직한 후기입니다"
98,el** ,23.09.18,"너무 마음에 들어요! 정말 휘뚜루마뚜루 잘 입을 옷이네요
하객룩으로도 좋을 것 같고 경조사용으로도 딱이고 퀄리티도 너무 만족스럽습니다
상체 통통에 162/52
두꺼운 팔뚝 가려줘서 넘 좋아요 딱 일자핏"
99,ki** ,23.09.17,"퀄리티좋은 베이직 트위드 자켓입니다.
가을에 입기에 좋아요! 초겨울까진
문제없겠어용~~
44반 사이즈 s로 핏팅히니 살짝 오버사이즈 되는것같아용



. ""판매자에게 제품비의 일부를 지원받았지만 저의 솔직한 후기입니다."""
100,k_** ,21.03.25,"4월 초 주말에 결혼식 갈 일이 급 생겨서 주문했는데, 하루만에 와서 너무 놀랬아요! 근데 주문하고 리뷰를 더 읽어보니 55사이즈 분들밖에 없더라구요ㅠㅠ
저는 159/56키로 66사이즈만 입을 수 있는 사람이라 조마조마 했는데! 생각보다 잘 맞아요ㅎㅎ대신 자켓을 잠궈 입으니 퉁퉁해보이긴 해요~그리고 처음 입어보고 어깨뽕은 놀라긴 했는데ㅋㅋ오히려 어깨뽕이 뽝 하고 들어가있으니 둥그런 팔뚝 라인이 가려져서 날씬해보입니다~몇번 입어봐야 퀄리티는 알 수 있지만 너무 만족스러워요"
101,ju** ,21.03.11,"자켓을 딱 만졌을때 살짝 도톰한 감이 느껴져요 많이 얇진않네요!! 딱 정석 블랙이고 팔은 길어요 그리고 어깨,, 가 다른 리뷰들에서처럼 살짝 커요 그래서 쬐끔 부담스러운 느낌이 있어요,, 근데 머리로 대충 가리고 ㅋㅋ 깔끔하게입기 좋네요! 안에 이너를 좀 파인걸 입으면 더 이쁜것같아요 ㅎㅎ"
102,ej** ,23.04.26,"포장 깔끔하게 와서 너무 마음에 들었어요
입었을 때 어깨가 각이져서 잠궈서 입으면 
너무 어깨가 각져서 단추를 잠그지 않고
풀어서 입을 때 예뻐요! 제 몸이 듬직해서 그런지
모델과 분위기는 좀 다르지만 질도 괜찮고
디자인도 깔끔해서 마음에 들어요"
103,be** ,23.03.30,"말모.. 블랙 너무 잘 입고 있어서 올라오자마자 구매했는데 넘 예뿌네요 ..🤍
외출하고 와서 대충 뜯자마자 입어 본 건데도 예뿌고 누오스 아이보리랑도 찰떡,, 
소재 얇아졌대서 덜 탄탄할까 걱정했는데 퀄리티 그대루 조아요 🥹"
104,dk** ,23.09.21,"어깨랑 팔뚝살 많은 상체발달체형이라 낑기면 어쩌지 했는데 안에 두꺼운 옷은 못입을 것 같긴 하지만 얇은 이너랑 입으면 딱 이쁜핏으로 떨어져서 좋아요
재질은 딱 가격정도의 느낌이었고 두께감은 살짝 도톰한 자켓이어서 코트꺼내기전까지 입으면 좋을 것 같아요"
105,ey** ,23.10.29,"급하게 정장자켓이 필요해서 찾다가 발견했는데 너무 잘산거같아요! 제가 키가 작고 쫌 왜소해서 잘못사면 아빠옷 입은것처럼 보이는데 이거는 길이나 폼이 그냥 박시한느낌으로 잘 맞았어요! 세미정장느낌을 원했는데 딱 그런느낀이어서 좋았고 진짜 길이감이랑 핏이 딱 제가 원하던 느낌이에요! 키 157cm, 몸무게 47kg이니 참고하시면 좋을거같아요"
106,6g** ,23.09.13,"결론: 아주 만족해요!! 베이지 컬러도 재구입 의사 100%

면접에서 입을 정장자켓이 없어서 급하게 주문했어요!!토요일 저녁 8시쯤 주문했고 (당일 밤에 출고됨) 일요일 지나 월요일 오전에 바로 도착했어요!!

와.. 지방인데도 이리 빠른 처리라니 ㅠㅠ 감사합니다🩵
덕분에 무사히 면접 보고왔습니다!

---

옷 재질이나 마감도 너무 좋았어요. 빛에 따라 심하게 유광빛 빤딱한 재질 아니고 고급스러운 재질이에요.
두께감은 얇은 편이나 지금 아침저녁 쌀쌀한 기온에도 입기 좋았고 마감도 깔끔했어요!!

물론 단추에 가벼운 오염이나 실밥이 붙어오는 아쉬움은 있었지만 제거 가능해서 크게 신경 안썼구요.

제 키/몸무게 기준 팔뚝이 약간 여유없다. 싶긴 했으나 정말 그 외로는 몸에 맞춘듯 잘 어우러졌어요!!

어깨패드가 두께감이 있었지만 과하지않게 표시되는 느낌뿐이라 적당했고 길이감도 엉덩이 반 살짝 덮는 기장이라 좋았어요:)

가성비 정말 좋다고 생각하고!
너무 두껍지않은 자켓이 필요하다면 정말 강추드려요!

저는 베이지 컬러로 하나 더 구입할 생각입니다~"
107,xo** ,21.08.29,"일단 재질이 진짜 최고에요
사실 핏이나 다른 건 그냥 그냥 다른 자켓들이랑
별반 다를 바 없는데 재질이 유독 눈에 띄게 고급진 느낌..?? 
다만 품은 너무 크고 이에 반해 팔은 살짝 딱 맞는..? 팔살이 있으면 타이트했을 것 같은 느낌인게 좀 아쉽네오"
108,ji** ,21.05.02,예뻐요 작년 때 구매했었는데 잘 입고 다니다가 잃어버려서 그냥 똑같은걸로 재구매했어용 뭔가 품이나 두께가 달라진거같은 느낌을 받았지만 괜찮아용 가볍게 걸치기에 딱 좋을정도로 얇아요 긋긋
109,38** ,20.04.12,키가 157이라 자켓 잘못입으면 아빠옷 훔쳐입은것같아서 길이는 수선했어요! 자르기 전 길이도 진짜 예쁜데 전 키가 작아서 수선한거구 마감이나 재질 진짜 완벽해요 편하고 ㅠㅠㅠㅠ 핏도 진짜 미쳤어요.. 다들 이거 사시기 바랍니다 .. 이거 사고 나갈곳없어서 일주일동안 바닥에 내팽겨쳐둬서 구겨졌을줄알고 다리려는데 무슨 구김도 하나도 없어요
110,pr** ,23.11.11,"일단 가격이 너무 좋기때문에 잘산템이에요!
색상도 예쁘고 핏도 예뻐요

하지만 가격이 가격인지라 퀄이 좋진않아요
단추부분이 정리가 잘 안되어있어서
입고 나가기전에 정리 꼭 해주셔야할거같고
원단이나 주머니도 자세히보면 좀 싼티납니다..!
반짝이가 섞인 올리브색인데 옷 자체는 이쁩니다
편하게 1-2년 입기 좋을고 같아요"
111,mo** ,23.11.11,"민트색이랑 고민 하다가 블랙으로 구매~~
아뜨랑스는 옷걸이에 깔끔하게 배송와서
괜히 기분 좋아지는 느낌

데이트 할때나 하객룩으로 괜찮을듯해요.
다만 블랙에 반짝이가 있어서 생각보다는 부담스러울수도 있어요 ㅋㅋㅋㅋ 민트로 교환할까 고민 하다가
교환비가 아까워서 그냥 입기로… 
더 추워지기전에 자주 입어야할듯해요"
112,pa** ,23.11.11,"트위드자켓 좋아하는 1인으로써 이때까지 구매한
트위드 자켓중 어깨핏이 저한테 가장 이뻤습니다 깔끔한 아이보리인줄 알고 구매했는데 펄감이 부담스럽지 않게 있어서 더더욱 이뻤구요 없었으면 밋밋했을듯..! 무엇보다 저렴한 가격에 퀄리티가 말이 안되게 좋아서 다른색도 구매하고싶네요 !! "
113,hy** ,23.11.10,"결혼식 하객룩으로 구매했는데
만족스러운 트위드 자켓이네요!
🌈160/48kg기준으로 보면
🎀사이즈는 적당히 맞는편이긴 한데 통이커서 앞뒤로 많이 널널하네요
🎀재질은 생각보다 도톰하고 탄탄한 편이고 각을 잡아줘서 좋아요 두께도 있는편인데 날씨가 갑자기 추워져서 빠짝 입어야될거같아요..! 
🎀길이는 생각보다 짧아서 손들면 배꼽다보이고 가슴 바로 밑까지 오는거같네요
그래도 가성비 있게 구매한 트위드 자켓치고 퀄리티 좋아서 만족합니다~ 하객룩으로 잘 입을게요!
"
114,ra** ,23.11.09,"옷이 저렇게 실밥(?)이 나와있어요.. 자르면 안될 것 같고 멀리서 보면 티는 안나니까 그냥 입으려고요 단추 쪽 마감도 실이 다 나와있고.. ㅎㅎㅎ 옷은 따뜻하고 좋아요
잠그고 다니기엔 저에겐 딱 맞아서 풀어서 다닐 것 같아요 길이는 적당했어요"
115,jc** ,21.08.19,"일단 엄청 만족스러워요💗
다들 사이즈를 크케 시킨 분들이 많아서 s를 사야할지 계속 고민하다가 결국 s샀는데 딱 좋아요!!! 길이는 다 똑같다고 써있는데 길이도 저한테 딱 맞네요:)) 딱 엉덩이까지 가려져요!!! 
실밥이 여기저기 많은거 빼고는 엄청 만족스러워요!!
브랜드 퀄리티 더 올리시려면 실밥이랑 마감처리 더 깔끔해지면 진짜 좋을거같아요👏(여기서 별 하나 뺐어요)
색상은 사진과 비슷해보이고 여기저기 매치해서 입기 좋을듯해요!

📦 아 그리고!!! 배송 엄청 빨라요… 휴일에 시켰는데 화요일날 바로왔어요!!"
116,rk** ,21.07.16,"루즈핏으로 입고싶어서 m으로 했는데 더 작은 사이즈했어도 괜찮았을 것 같아요
색상은 완전 백아이보리는 아니고 크림색이 살짝 섞인 색입니다
안이 다 비칠반큼 얇긴하나 소재가 시원한 소재는 아니라 요즘같은 한여름엔 더워요
편하게 입기 좋습니다"
117,uj** ,21.07.11,"평소 55입는데 키가있어서 그런지 여유있게 약간 오버핏으로 예쁘게 입을수있어요
완전 얇아서 찰랑거리는 정돈아니예요
하지만 구김도 잘안가고 안에 박음질이 꼼꼼해서 더 만족스럽네요
어깨패드 걱정했는데 오히려 핏 잡아주는거 같아서 맘에들어용"
118,ds** ,21.07.08,"170/73이고 살이 급쪄서 77로 입는 상비에 엄청난 어깡입니다...
자켓은 오프에서만 사다가 급하게 약속이 잡혀서 직진배송으로 반팔자켓 사게 됬는데 생각보다 실물 착용샷 되게 이뻐요!! 검정이라 유행도 안 타고 괜찮은 것 같아용
그리고 다들 리뷰에 어깨패드 때문에 다들 어깨가 엄청 넓어보이신다고 하셨는데 저는 진짜 떡대가 엄청나서 그런지 어깨가 딱 맞네요..ㅠㅠ
혹시 저 같은 체형 가지신 분들은 걱정말고 바로 L로 사시면 됩니다!ㅎㅎ
그리고 어깨패드 너무 티나요
근데 진짜 제가 집에서 입는 옷 위에 입어서 그렇지  실제로 보면 진짜 이뻐용 저는 모델분 처럼 널널한 핏이 아니라 딱 맞는(?) 핏인데도 맘에 들고 예쁩니다ㅇㅇ
그리고 사진에서 보시다시피 저한테는 기장감 좀 애매해요"
119,mi** ,21.07.01,오자마자 잠옷 위에 입어본 ^^.. 단추부분이랑 옷 여미는 부분이 살짝 마감이 덜 되어있었고 배 부분 옷에 검은색으로 뭐가 묻어있더라구요 ㅠ 새옷 냄새도 확실히 많이 나고 어깨 뽕이 진짜 .. 뽕실하더라구요 ㅋㅋㅋㅋ 근데 전 그렇게 심하다고는 생각 안들어서 그냥 입으려구요! 배송도 진짜 빨리와서 만족입니다 ㅎㅎ
120,wk** ,23.10.28,"옷자체는 예쁘고 핏 좋고 고급집니다! 근데 다른
후기들에도 있듯 흰색실밥? 먼지가 너무 많이 나와요ㅠ  탈탈털고 돌돌이하고 입었는데도 입고난 뒤에 하얀 고양이 안은 듯한 ㅋㅋㅋ 상태가 됩니다ㅜㅠ 그게 아쉬워서 하나 뺐어요!"
121,da** ,21.12.25,"솔직히 블랙컬러로 3사이즈 시키려다가 모르고 화이트 색상을 담아버려서...사이즈도2이고 ㅠㅠ 바꿀까 했지만 부담되지않은 컬러에 사이즈도 괜찮길래 입었어요!

우선 안에 뭔가를 껴입기도 해야하고 팔이 딱 맞을까봐 3사이즈를 시킬라했돈 건데 2사이즈도 널널하게 맞는 편입니다
~77사이즈는 2사이즈가 적당해요
어깨라인이너 전체적인게 딱 기본으로 무난하게 빠졌고 체격도있는 편이고해서 집에 죄다 검정밖에 없었는데.. 생각보다 엄청 부담안되는 옷이라 좋았어요.

길이는 확실히 짧아요 엉덩이를 가리지않기때뮨에(160cm) 그곤 감안하시고.
먼지가 많다는 말이 많았는데 진짜 밑도끝도 없이 펄펄 날리더라고요 ㅋㅋㅎㅎㅋㅋ 진짜창피함ㅋㅋㅋㅋ 이건 찍찍이로 해도 소용없는 고유의 먼지,,


안에 검정샏 폴라를 입었는데 자켓안이 물이들었더라규요?..
뭐지..?!.. 휜색 셔츠나 티에 입어도 멀쩡한 폴라티 였는데 이 자켓한테는 왜 거부반응이 ㅠㅠ

넥라인 불편하지 않아서 다행이고.
갠적으류 검정색도 하나 쟁여놓고 싶을 정도에요
단추가 없는게 아쉬운데 단추는 따로 사서 달으려구요
팔뚝이 한 46,7cm? 까지는 2사이즈 입어도 팔뚝라인 문제없어요!"
122,yo** ,23.03.08,"사이즈 적혀있는대로 구매했더니 딱 맞고 너무 예뻐용
퀄리티는 딱 가격 값하는 것 같아요
후기대로 실밥이 많이 떨어져서 찍찍이로 한번 밀고 입으려고요
배송도 빨리와서 입으려던 날에 입을 수 있겠네용"
123,tj** ,23.03.04,해당 제품 후기 만족도가 높은 것 같아서 구입해봤어요 근데 진짜 퀄리티 좋네요! 처음에 실밥이 많이 떨어진다고 해서 꺼내자마자 화장실가서 함 털으니깐 확 실밥 날리더라구요 그 이후는 그렇게 날리지 않는 것같아요 그리고 좀 얇진 않을까 생각했는데 재질도 도톰하니 더 고급져 보이고 모든 옷에 다 어울릴 것 같네요 역시 핫핑 가격대비 재질이 넘 좋아요👍
124,cu** ,21.11.04,"자켓핏이 너무 예뻐요!
색감도 화사해서 데일리로나 격식있는 자리에 자주 입고 나갑니당 단추도 따로 사서 추가로 달아보니까 트위드느낌나고 고급져보여서 더 좋습니당!"
125,go** ,20.05.18,제가 요즘샀던옷중에 제일 사랑하고 뿌듯한옷이예요 질감도 나쁘지않거 핏도이뻐요 재질은 너무 좋아요 근데 77~88입으시는분들 한사이즈 작게사셔도 괜찮을듯해요 오히려 킨거사니깐 약간 어깨가 넓어보여요
126,ye** ,23.03.27,옷이 가볍고 원하던핏이라서 너무 좋아요 ㅜ ㅜ 길이도 맘에들어요 ! 개개인마다 원하는 핏이 있겠지만 저는 약간 딱붙는거보다 오버핏 그대로 원했던건데 진짜 오버핏이에요! ( 이상한 큰옷입은 느낌 X )
127,su** ,22.09.23,예전에 모카 색상도 구매했었는데 데일리로 입기 편해서 블랙도 하나 구매했어요! 딱 제가 원하는 오버핏이고 주름도 많이 지지 않아서 좋아요. 아무데나 휘뚜루 마뚜루 입기 좋습니다! 편해요.
128,wl** ,21.09.02,170센치인데 겁나 커요ㅋㅋㅋ 아빠꺼 입는듯한 느낌은 그래도 안나서 다행이고 두께는 생각보다 얇은편? 초가을 즈음에만 입을 수 있을거같네여! 그리고 모카모카 라기보단 뭔가 초록색이 약간 아주약간 섞인 색이에여 그래도 전체적으로 마음에 들어서 걍 입을라구여
129,wl** ,21.05.17,어깨가 많이 넓고 팔이 긴 편이라 사이즈1을 시키기엔 영 불안해서 2로 시켰는데 팔이 좀 짧긴 하지만 만족했어요!! 워낙 크게 나와서 부하게 보이는 것 같긴 하지만 그래도 착용감이랑 옷감 상태 좋았습니다:) 자켓 입고 주변 반응도 매우 좋아서 기분 좋게 입고 여행 다녀왔습니다~
130,jy** ,23.10.08,"생각보다 광이 심하지 않아서 그렇게 싼티나ㅜ보이지는 않는거 같아요
생각보다 소매길이도 길고 품도 커서 여유있게 핏되는 옷이에요!!
레더자켓 입어본적이ㅜ없어서 입문용 느낌으로 사봤는데 잘 입고 다닐거 ㅅ같숩니당"
131,is** ,21.10.18,처음 왔을 때 냄새가 조금 나긴 했지만 며칠 밖에 두니까 확실히 냄새가 잘 안 났어요. 색은 처음 봤을 때 조금 어둡나? 싶었는데 입어보니까 그냥 그 색 그대로여서 만족스러웠고 밑에 끈으로 핏 조절 안 하니까 정말 이상한 핏이여서 당황했지만 핏 조절하면 끝장납니다. 기장도 163인 저에게 충분히 예쁘게 잘 맞고 지금같은 날씨에 안에 긴팔입고 입으면 좋을 것 같아요!
132,yo** ,21.10.07,"우선, 그리 고급진 느낌은 안 나는 것 같아요 
(별점이 4개인 이유..)

그렇다고 싼티가 나는 건 아니에요 ! 
그리고, 엄청 진한 검정은 아니에요 (화면보다는 조콤 밝은.?)

입어보니깐 얇게 기모안감이 있어서
집에서 시착해보니 조콤 더워지더라구요 


가을에는 편하게 잊을 수 있을 것 같아요 

단점은,, 지퍼가 조콤 문제인 것 같아요 엄청 뻑뻑해요 
원래 그냥 대충대충 사고 입는 편이라서 지퍼 그렇게 신경 안 쓰는데 지퍼가 음 문제가 좀 많아 보이긴 했는데 여러번 지퍼 휙휙 하다보면 좀 괜찮아지리라 기대합니다 ,,,
그래도 대체적으로 핏은 나쁘지 않은 것 같아요 
잠구는 것보단 안 잠구는 게 더 예쁜 것 같아요 !-!

밑에 고무줄이 있어서 조절하니 더 예쁜 것 같아요 !!!

그래도 이 가격에 나름 만족합니다"
133,so** ,23.11.04,"지금 제 최애 자켓이예요.
가죽자켓은 딱맞는 핏으로  입는걸 좋아하는데 딱 사이즈도 좋아요. 지금 입기 딱 좋아요.
컬러도 이쁘고 편하게 입는 중 입니다"
134,ek** ,21.10.13,"색상 블랙이랑 그레이색상 샀는데
그레이는 아직 안왔구요 블랙이 먼저왔는데 
가격대비 퀄리티 너무 좋아요,, 핏도 너무 이쁘구여 
밑에 조절끈으로 조절했을때랑 안했을때 다른느낌으로 입을수 있어서 좋아요 ! 기장도 너무 길지도 짧지도않은 적정선이라 아주 맘에들어요! 그레이도 너무 기대됩니다!"
135,dm** ,23.09.26,"화면이랑 다른 옷인거 같아요
화면은 뒷트임이 없고 원단도 뭔가 차르르한 느낌이던데..
두께도 생각보다 있고 , 길이도 좀더 길었음 좋았을거 같아여
생각한거랑 달르지만 그래도 핏도 이쁘고 나쁘지 않네요
연휴때 입을거라 나름 만족하고 입으려구여
"
136,mo** ,22.10.13,"추석 세일때 3.2에 샀습니다. 그 당시에도 후기가 좋아서 후기들 믿고 샀어요. 가격이 왜 저렇게 싼가 했는데, 타 브랜드 자켓에 비해 옷감의 밀도가 낮아서 주름이 꽤 남는 소재입니다. 재질이 썩 좋은 편은 아니지만, 스팀 다리미로 다리면 주름은 잘 없어져요. 단추가 쇠뿔 단추가 아닌 플라스틱입니다. 하지만 양쪽 주머니 모두 실제 주머니이고, 가슴 안 쪽에도 포켓 있습니다. 원단이랑 부자재에서 원가 절감을 하면서 핏이나 만듦새는 퀄리티가 그럭저럭 괜찮습니다. 가성비 좋아요.
어깨뽕이 좀 두툼해서 아빠 양복 자켓 핏이지만, 요즘 오버핏이 꾸준히 유행이라 만족합니다. 크게 입는게 처음엔 어색해도 실루엣만 잘 잡으면 괜찮더라구영
전 챠콜 구매했는데, 자연광 밑에서 보면 초록빛이 도는 진회색이에요. 초록빛이 살짝 나서 빈티지한 코디와 잘 어울립니다. 산 이후로 일주일에 한 번씩은 꼭 입는 것 같아요.
살까말까 고민하신다면, 세일할 때!! 구매하시는 것으로 추천드려요. 6만원 퀄리티는 아니고 세일가에 사면 딱 적당한 퀄리티 같습니다ㅎㅎ"
137,je** ,22.09.22,"저는 솔직히 아우터는 비싼거 입어야한다 주의라서 웬만하면 이런 쇼핑몰에서 자켓은 잘 안사는 사람입니다. 근데 솔직히 놀라고 괜찮은 부분이 많아서 이렇게 후기를 남겨요! 결론적으로 다른 색 재구매 의사 있습니다.

색상 : 전반적으로 쿨톤에게 적합한 노란끼 적고 회끼도는 베이지 색 입니다! 생각보다 어둡다는 후기가 회끼가 돌아서 있는 것 같아요:)

핏 : 55-66에게는 적당한 오버핏인 것 같습니다! 너무 몸이 왜소하신 44정도의 분들은 많이 클 것 같아요. 팔뚝살이 많은 저인데 팔뚝이 널널하게 잘 맞아요. 어깨에 패드가 들어가있어서 어깡으로 보이는 느낌은 좀 있는데, 오버핏이라는 점에서 어깡으로 보이는 느낌은 당연한 느낌인 것 같습니다 :)

퀄리티 : 물론 다른 10만원대 이상의 자켓과는 비교할 수 없겠지만, 10만원 미만의 자켓 중에서는 최고인 것 같습니다. 일단 자켓에서 제일 중요한 카라부분이 확실하게 눌려있고, 대칭도 잘 맞았어요. 무엇보다 자켓에 텍이 옷핀으로 달려있는 점, 자켓 안쪽 주머니가 있고 잘 디자인 되어있다는 점이 좋은 것 같습니다."
138,ha** ,22.09.22,가격도 저렴하고 베이지 자켓도 없어서 구매해봤는데 대대만족입니다 .. 🫶🏻 완전 기본에 살짝 오버핏이라 핏도 너무 예쁘구 탄탄하니 재질도 좋아용 검은색도 하나 살까 고민중입니드 다들 주저말고 구매가세용
139,th** ,22.09.14,"후기보고 고민도 안하고 시켰는데 너무 좋네요...
너는 어깨가 좁아서 어깨패드 들어간 옷을 좋아하는데 이거 최고에요 ㅜㅜ 다만 제가 샀을때는 세일을 많이해서 3만원 중반대얐는데 조금 비싸졌네여 하지만 퀄리티가 좋으니까 차콜도 시키러가겠습니다"
140,yu** ,21.04.21,플리츠스커트랑 세트로 입고싶어서 산건데 왜 이제야 샀는지 참 후기보니까 옷걸이랑 같이온다해서 신기했는데 진짜 옷걸이에 딱 예쁘게 와서 한 번 더 반했어요ㅠㅠ 블랙업에서 옷 처음사보는데 다음에 또 구매할거같아요 질도 진짜 좋고 어깨뽕이 있어서 살짝 어깡느낌나지만 어떡해요ㅠㅠ 넘 예뿐걸요?? 만드신분 들숨에 재력 날숨에 건강얻으세요:)
141,yu** ,21.03.14,"셋업으로 구매했는데
자켓이 딱 이뻐요!!
보통 제 체구에 다른 크롭자켓 사면 애매하게 크고 그래서 반품하는 경우가 많았는데 블랙업껀 정말 잘 맞고 이쁘네요퓨ㅠㅠ
색상도 잘빠졌습니당
세트로 구매하시는 거 추천드려요!"
142,ha** ,21.02.15,길이도 딱 원하는데로 딱 떨어져서 진짜 마음에 들어요! 재질이 살짝 얇은감이 있나 했는데 입어보면 얇다는 생각이 안나고 부드럽고 좋습니다.  곧 봄이 오는데 입기 딱 적당한것 같아요ㅎㅎ 어깨에 패드까지 있어서 핏도 예쁩니다~
143,wj** ,21.01.13,"어깨뽕이 너무 과하지 않을까 생각했는데 하나도 과하지않았고 핏이 너무 예뻤어요 특별한 날 입었는데 진짜 분위기 바로 압살해버리는 그런 느낌이에요 엄청 고민하면서 샀는데 왜그랬나 싶어요 살짝 얇지만 실내에서 입은거라 아무렇지 않았숩니당  ◡̈ 그리고 크롭이여서
되게 허리도 잘록해보이고 정장룩이지만 세상 힙해요"
144,ks** ,21.09.25,"롤리 셋업 수트 사고 싶은데 도미닉 슬랙스가 이미 있으신분들!!!!
롤리 슬랙스가 짧을까 봐/길까 봐 도미닉 슬랙스 사려는 분들!!!!

롤리랑 도미닉 원단 똑같습니다
다르더라도 육안으로 구분 안될 정도로 비슷해요
셋업으로 입어도 전~~~혀 티나지 않아요
(두번째 사진 참고)

원단은 챠르르 떨어지는 느낌이고 힘 있는 아우터 자켓 원단이 아니에요 흐물거리는 느낌은 3-4번 사진 참고하세용

봄 여름 가을에 잘 입을 것 같구 겨울엔 추울 듯합니다!
일단 바지가 꽤 얇아서…

착용감은 나시랑 입어도 산뜻하게 입을 수 있는 정도입니다 좋아요 굿굿"
145,kk** ,21.07.19,"사실 설명글도 안읽고 후기도 안보고 그냥 예쁘길래 샀어요!
배송 받았더니 너무 시원한 재질이고 구김도 아예없어서 좋았어요! 린넨 자켓은 구김이 너무 심해서 손이 안가더라구요 ㅠㅠ  쿨링자켓은 그럴 걱저없이 유행도 없이 쭉 입을 수 있을 것 같아요🤍✨
핏도 과하지않고 딱 예쁘구 최고입니다...🙌🏻"
146,al** ,21.06.07,"배송이 좀 늦긴했는데 포장 너무 예쁘고
다들 너무 크다고하는데 저는 오히려 체구가 정말 작은편이여서 이렇게 핏을 살려주는 옷이 너무 좋아요ㅠㅠ 색깔은 생각보다 밝은편이긴 하지만 어느 톤에 다 잘어울릴만한 화사한 컬러고, 툭 떨어지는 핏이 정말 예쁘네요"
147,my** ,23.06.28,"일단 핏이 너무 이쁘고 마음에 들어요! 가벼워서 시원하구요! 어깨뽕이 좀 심한거 같아서 뺄지말지 고민중인데 일단 입고있어요! 요즘 제 교복입니당
다만 썸머자켓인데도 저렴한 가격이 아닌데 실밥들이.. 
마감처리에 신경좀 써줬으면 좋겠어요  
또 하나, 왼쪽 오른쪽 팔부분의 면? 이라고 해야하나 한쪽은 보풀처럼 되어있고 한쪽은 매끈하네요..? 
그게 자꾸 눈에 거슬리긴 하는데 급하게 입어야 했었고, 교환도 오래걸릴거 같고 핏은 괜찮아서 그냥 입어요
검수좀 잘해주세요.. ㅠㅠ 그것말고는 너무 마음에 듭니다!! "
148,ah** ,23.08.09,"생각보다 네모난 모습이에요. 사진에선 포즈때문에 네모로 안보인 거 같아요. 완전 고퀄리티라 깜짝 놀랐어요!! 여기단골 등록 ♡.♡ 엄청 얇아서 여름에.입기 딱 좋을 거 같습니당. 제 키가 작으니 사진보시는 분들은 참고하세용

(키154)"
149,pp** ,22.06.10,"일단 배송 너어어어무 느렸음…. 그래서 취소할까 말까 하다가 꾹 참아봤는데 역시…퀄 너무 좋구요 비닐 안에 예쁘게 접어서 와서 기분이 좋았어요:) 받아보니 린넨 느낌이라 지금 입기는 살짝 춥고 6월 말이면 입을 수 있을 듯요!
근데 어깨 패드가 비쳐서 조금 아쉬워요.."
